Battery_ID,Voltage_V,Current_A,Temperature_C,Charge_Cycles,State_of_Health_%,RUL_Cycles
BAT-007,3.31,0.6,33.8,409,90.12,795.0
BAT-004,3.87,0.58,47.6,868,76.84,543.0
BAT-008,3.71,1.99,25.3,79,98.86,987.0
BAT-005,3.12,1.82,26.4,157,95.47,904.0
BAT-007,4.1,2.1,20.4,893,78.79,587.0
BAT-010,3.95,0.71,20.4,766,78.9,579.0
BAT-003,3.03,0.57,44.9,940,75.64,518.0
BAT-007,3.78,1.52,42.0,1009,73.01,447.0
BAT-008,3.93,1.28,30.7,942,76.01,523.0
BAT-005,3.45,1.42,40.9,781,77.93,552.0
BAT-004,3.08,2.48,31.9,655,81.13,627.0
BAT-008,3.09,2.44,48.6,506,85.1,717.0
BAT-008,3.13,2.38,49.0,664,81.55,634.0
BAT-003,4.01,2.07,31.8,747,81.35,618.0
BAT-006,4.09,1.21,45.6,723,80.46,615.0
BAT-005,3.15,1.32,43.2,592,83.75,679.0
BAT-002,3.28,1.6,29.3,906,76.0,541.0
BAT-008,3.2,2.16,27.0,946,76.92,541.0
BAT-006,3.22,0.64,33.7,327,89.91,792.0
BAT-002,4.0,1.35,43.4,601,84.24,692.0
BAT-005,3.4,0.67,48.8,160,93.54,869.0
BAT-001,3.37,1.53,42.9,434,87.31,747.0
BAT-010,3.27,2.3,45.7,810,78.55,562.0
BAT-006,3.73,2.06,38.1,743,81.12,621.0
BAT-009,3.46,0.96,45.1,454,87.41,749.0
BAT-001,3.89,2.45,43.5,71,95.55,910.0
BAT-010,3.25,1.83,31.3,727,81.96,633.0
BAT-003,3.95,0.52,36.6,660,81.53,633.0
BAT-007,3.72,1.01,44.1,57,97.45,940.0
BAT-004,3.14,1.02,21.4,751,79.8,584.0
BAT-009,3.5,0.64,44.2,578,83.53,678.0
BAT-003,4.04,2.42,25.3,651,82.87,664.0
BAT-005,4.11,1.46,35.4,706,82.18,630.0
BAT-003,3.56,2.29,44.2,215,93.82,858.0
BAT-007,3.58,1.14,27.6,898,77.49,540.0
BAT-005,4.1,0.75,27.4,545,86.3,725.0
BAT-009,3.7,1.45,32.1,639,84.02,692.0
BAT-007,3.04,0.73,46.8,478,86.99,738.0
BAT-002,4.1,1.47,20.0,823,79.46,582.0
BAT-004,3.3,2.34,47.0,212,92.0,841.0
BAT-009,3.69,1.54,24.6,415,90.27,804.0
BAT-002,3.2,1.73,49.7,121,92.65,839.0
BAT-010,3.04,0.81,48.6,704,80.95,605.0
BAT-009,3.37,0.59,34.8,318,90.36,794.0
BAT-010,3.94,0.72,35.4,464,87.12,767.0
BAT-005,3.33,1.7,34.4,1065,73.35,476.0
BAT-002,3.26,0.69,39.1,724,80.08,596.0
BAT-004,3.26,1.25,22.7,1133,72.32,458.0
BAT-007,3.62,1.6,21.0,55,99.76,990.0
BAT-008,4.17,1.28,21.7,1031,74.34,497.0
BAT-003,3.55,0.83,33.3,619,84.0,681.0
BAT-001,3.67,1.05,28.3,456,88.15,756.0
BAT-004,4.03,2.36,38.7,75,96.87,944.0
BAT-002,3.64,1.85,49.8,1078,69.46,391.0
BAT-008,3.22,1.49,31.6,1035,73.17,467.0
BAT-004,3.36,0.53,37.2,439,86.52,732.0
BAT-002,3.37,2.48,32.5,759,79.38,590.0
BAT-006,3.48,1.84,45.4,620,80.46,617.0
BAT-006,3.51,1.13,47.1,803,77.98,585.0
BAT-010,3.96,2.26,46.3,195,94.68,906.0
BAT-004,3.42,1.02,49.2,834,76.27,528.0
BAT-006,3.56,1.59,20.8,575,86.59,729.0
BAT-002,3.75,1.77,45.2,62,97.56,949.0
BAT-010,3.45,0.94,42.6,952,73.25,452.0
BAT-002,4.0,2.46,26.9,433,88.01,767.0
BAT-010,3.7,2.0,48.7,605,83.5,660.0
BAT-004,3.35,1.62,24.4,936,76.51,526.0
BAT-008,3.86,0.86,40.4,68,95.47,916.0
BAT-007,3.63,0.61,26.7,624,83.59,669.0
BAT-009,3.64,1.14,32.9,800,79.63,588.0
BAT-008,3.58,2.01,41.6,1053,71.22,412.0
BAT-005,3.6,1.04,36.9,468,84.34,699.0
BAT-002,3.92,1.58,32.8,468,87.2,736.0
BAT-005,3.12,1.96,29.8,171,95.0,894.0
BAT-008,3.4,0.72,45.2,481,85.97,701.0
BAT-010,3.09,1.87,24.3,93,98.93,978.0
BAT-009,3.9,0.68,32.9,430,88.51,767.0
BAT-009,3.33,2.43,47.1,194,93.18,865.0
BAT-001,4.08,1.48,45.4,412,88.72,763.0
BAT-009,3.63,0.8,32.0,1123,71.23,432.0
BAT-007,3.96,1.18,42.9,1138,71.9,420.0
BAT-009,4.17,1.33,44.7,404,86.67,732.0
BAT-008,4.01,2.02,46.7,849,75.67,515.0
BAT-001,4.04,1.99,36.3,875,77.61,553.0
BAT-008,3.49,1.72,26.1,447,89.97,801.0
BAT-008,3.66,0.71,27.7,929,76.31,534.0
BAT-003,3.3,0.8,28.9,512,85.8,729.0
BAT-001,3.24,0.69,37.8,857,79.05,580.0
BAT-008,3.61,1.65,21.0,236,93.31,856.0
BAT-003,3.71,2.25,39.1,781,79.41,594.0
BAT-003,3.41,1.37,30.9,478,88.77,773.0
BAT-001,3.68,0.82,28.9,907,76.5,543.0
BAT-005,4.06,1.62,46.4,286,90.09,796.0
BAT-010,3.67,2.12,33.8,820,78.07,553.0
BAT-007,3.86,1.98,22.9,807,80.73,616.0
BAT-010,3.97,2.26,44.8,185,94.45,872.0
BAT-009,4.19,1.06,21.4,841,79.01,576.0
BAT-007,3.72,0.89,41.8,220,94.7,891.0
BAT-009,3.97,2.26,43.2,208,93.01,862.0
BAT-008,4.16,1.82,30.6,250,94.48,880.0
BAT-002,4.13,1.12,44.7,1011,72.32,438.0
BAT-001,3.17,1.98,35.5,632,85.49,721.0
BAT-007,3.49,2.13,33.9,925,77.56,551.0
BAT-007,3.39,1.73,21.4,420,89.37,796.0
BAT-008,3.1,1.88,28.7,152,97.26,940.0
BAT-005,3.76,1.25,47.9,1051,72.82,456.0
BAT-003,3.88,1.58,31.8,1198,70.93,421.0
BAT-008,4.02,1.55,36.4,1025,70.75,433.0
BAT-006,3.15,2.2,36.0,847,78.45,567.0
BAT-003,4.05,2.18,37.7,707,81.6,630.0
BAT-001,3.77,2.17,21.8,931,77.2,555.0
BAT-003,3.84,0.52,30.9,782,80.08,598.0
BAT-005,4.09,2.0,41.7,472,86.78,738.0
BAT-003,3.75,2.02,26.0,621,85.66,723.0
BAT-001,3.4,1.86,26.1,220,94.93,893.0
BAT-005,3.99,2.01,20.3,222,94.67,897.0
BAT-010,3.44,2.18,33.1,712,82.53,668.0
BAT-007,3.04,1.44,46.5,502,85.72,724.0
BAT-007,4.0,1.5,21.6,399,90.54,814.0
BAT-009,3.41,0.75,25.7,543,88.22,762.0
BAT-010,3.93,1.27,29.3,669,82.41,642.0
BAT-010,3.44,1.79,42.0,1077,69.86,387.0
BAT-003,4.03,2.06,39.2,1166,69.5,405.0
BAT-007,3.26,0.93,32.5,968,75.27,518.0
BAT-001,4.17,0.78,42.8,55,97.57,945.0
BAT-004,3.94,1.83,38.3,337,90.35,810.0
BAT-004,3.14,0.5,46.9,657,82.14,644.0
BAT-005,3.68,0.86,44.5,506,87.9,770.0
BAT-007,4.18,0.56,27.6,1079,73.57,475.0
BAT-007,3.57,0.83,28.1,673,83.84,677.0
BAT-004,3.22,0.86,23.8,425,89.25,779.0
BAT-007,3.58,1.28,30.1,496,85.7,717.0
BAT-003,3.61,1.3,50.0,884,73.1,459.0
BAT-006,3.89,2.25,32.2,1179,69.29,388.0
BAT-002,3.84,1.52,26.6,860,75.76,514.0
BAT-010,3.48,1.95,42.9,1169,69.5,386.0
BAT-009,3.26,0.71,36.3,1008,73.29,456.0
BAT-005,3.77,0.95,24.5,898,76.24,530.0
BAT-006,3.51,1.91,31.4,858,78.04,561.0
BAT-004,3.16,0.61,32.4,1028,72.82,474.0
BAT-010,4.08,1.47,42.6,465,87.06,731.0
BAT-007,3.83,1.7,20.6,775,81.33,633.0
BAT-009,3.82,1.7,28.1,503,86.42,727.0
BAT-007,3.99,0.55,35.5,199,93.73,896.0
BAT-001,3.64,1.14,28.1,808,79.71,600.0
BAT-001,3.98,1.77,38.9,828,76.51,533.0
BAT-009,3.6,0.8,34.5,1022,73.72,474.0
BAT-009,3.08,1.89,30.9,812,77.68,547.0
BAT-004,3.49,1.99,48.5,1051,71.94,442.0
BAT-009,3.6,2.46,39.0,125,95.04,887.0
BAT-003,3.86,0.92,23.9,648,82.36,634.0
BAT-007,3.13,2.15,36.8,274,91.39,838.0
BAT-006,3.17,1.54,43.4,162,93.57,854.0
BAT-008,3.32,1.25,41.3,300,91.94,836.0
BAT-009,3.32,0.74,25.2,890,77.91,548.0
BAT-005,3.88,1.97,49.2,763,77.55,547.0
BAT-001,3.3,0.97,33.5,1156,71.9,440.0
BAT-003,3.76,1.24,24.8,174,96.28,935.0
BAT-010,3.59,0.63,25.4,1142,71.07,434.0
BAT-008,3.69,2.1,22.9,1120,70.45,400.0
BAT-006,4.01,2.03,44.1,933,74.34,482.0
BAT-008,3.49,1.97,23.7,79,97.8,997.0
BAT-009,3.93,1.1,23.8,330,92.12,840.0
BAT-004,3.51,0.85,45.5,973,74.23,476.0
BAT-001,3.42,1.78,30.3,417,89.85,790.0
BAT-001,4.15,1.49,20.9,544,84.79,693.0
BAT-010,3.22,0.86,21.6,1098,72.76,451.0
BAT-004,3.11,1.87,24.3,767,80.67,611.0
BAT-007,3.93,2.48,26.4,1066,75.89,518.0
BAT-002,3.08,1.99,40.0,655,82.19,644.0
BAT-003,4.0,1.98,24.7,424,88.78,766.0
BAT-001,3.52,2.4,23.6,688,82.91,662.0
BAT-005,4.1,0.91,42.9,1098,70.75,416.0
BAT-001,3.87,1.63,40.1,165,92.37,852.0
BAT-008,3.73,2.46,33.1,97,97.18,926.0
BAT-001,4.14,0.83,36.5,148,94.84,898.0
BAT-001,3.48,1.9,29.4,454,88.19,744.0
BAT-002,4.14,1.67,34.5,734,79.83,595.0
BAT-002,3.16,1.67,35.2,952,74.09,488.0
BAT-006,3.58,1.9,31.6,552,86.42,739.0
BAT-007,3.32,2.36,47.2,943,75.31,510.0
BAT-005,3.65,2.07,20.5,307,92.74,862.0
BAT-001,3.19,0.61,43.5,893,74.02,477.0
BAT-001,4.01,2.21,23.7,170,96.23,920.0
BAT-003,4.02,0.95,43.9,859,74.84,524.0
BAT-002,4.15,1.25,38.5,1027,72.32,455.0
BAT-005,3.19,1.42,45.3,103,96.26,913.0
BAT-010,3.75,1.46,22.9,1068,73.96,462.0
BAT-006,3.57,1.37,36.8,833,78.46,564.0
BAT-007,3.41,2.37,35.0,290,93.06,873.0
BAT-004,3.42,1.91,41.2,532,85.64,713.0
BAT-007,3.5,1.76,36.0,1062,70.33,384.0
BAT-008,3.85,0.6,36.2,236,92.61,850.0
BAT-001,3.72,2.31,32.9,705,81.54,631.0
BAT-006,3.55,2.32,29.3,311,91.64,809.0
BAT-008,3.09,2.06,34.5,1002,73.39,468.0
BAT-005,3.09,0.51,23.6,540,85.47,699.0
BAT-004,3.0,0.61,48.8,480,88.02,742.0
BAT-002,4.16,0.95,41.4,288,90.77,831.0
BAT-006,3.01,0.76,48.6,353,91.17,813.0
BAT-006,3.12,1.3,26.8,347,90.0,793.0
BAT-001,3.38,2.35,46.4,125,95.39,901.0
BAT-009,3.97,1.44,44.3,1048,72.1,442.0
BAT-006,4.15,0.53,40.3,691,80.27,623.0
BAT-003,3.95,1.07,38.8,876,76.26,513.0
BAT-004,3.83,0.59,29.5,332,91.24,822.0
BAT-004,3.63,0.57,44.5,640,81.21,625.0
BAT-003,3.1,1.05,35.0,121,95.71,906.0
BAT-010,4.15,1.05,22.1,752,78.84,573.0
BAT-003,3.91,2.07,29.4,624,84.67,699.0
BAT-003,3.77,2.45,48.1,1049,72.7,446.0
BAT-004,3.91,1.24,45.5,941,74.88,494.0
BAT-007,3.87,1.36,49.5,61,98.29,962.0
BAT-004,3.76,2.19,38.8,190,94.55,890.0
BAT-009,4.18,1.04,27.4,66,99.25,987.0
BAT-001,4.08,0.81,24.9,1136,72.84,463.0
BAT-008,3.78,2.21,25.6,302,89.64,812.0
BAT-007,3.83,0.59,20.6,514,87.57,725.0
BAT-002,3.06,1.74,31.7,425,87.32,745.0
BAT-008,3.8,1.62,25.7,1030,72.99,446.0
BAT-001,3.05,1.19,32.3,569,84.03,677.0
BAT-009,3.71,1.13,48.0,139,93.91,887.0
BAT-009,4.2,2.04,32.9,769,80.63,625.0
BAT-002,3.67,0.67,46.3,853,76.98,552.0
BAT-007,3.57,0.97,38.2,845,77.55,563.0
BAT-010,3.38,1.96,27.4,679,83.51,668.0
BAT-003,3.14,1.6,30.7,125,97.09,956.0
BAT-007,3.88,0.76,22.5,975,76.07,537.0
BAT-010,3.23,2.26,30.0,449,86.55,732.0
BAT-009,3.14,1.29,40.3,1019,72.25,457.0
BAT-004,3.51,2.16,22.2,1144,71.43,429.0
BAT-001,3.95,2.08,26.2,1197,70.69,428.0
BAT-002,3.89,1.75,31.4,846,76.88,536.0
BAT-001,3.07,1.49,49.5,244,91.44,823.0
BAT-005,3.55,2.46,43.5,277,89.65,782.0
BAT-005,3.63,0.79,42.0,510,86.58,730.0
BAT-007,3.77,1.95,23.5,667,83.57,672.0
BAT-009,3.78,0.88,43.4,1094,69.46,380.0
BAT-009,3.44,1.18,43.6,113,93.97,877.0
BAT-003,3.67,1.12,38.0,214,93.73,869.0
BAT-003,3.58,2.39,49.7,76,97.0,929.0
BAT-003,4.06,2.43,29.8,1061,71.9,448.0
BAT-004,3.64,0.87,48.2,334,90.11,814.0
BAT-008,3.53,0.54,47.4,330,88.96,790.0
BAT-006,3.49,1.94,20.3,887,78.65,572.0
BAT-008,3.69,1.34,33.5,880,77.83,556.0
BAT-001,3.96,0.68,49.3,967,73.55,460.0
BAT-008,3.65,1.87,23.1,273,91.34,831.0
BAT-004,3.79,1.59,36.4,833,78.71,576.0
BAT-001,3.89,2.46,49.4,1014,72.72,483.0
BAT-008,3.62,0.95,36.7,999,74.27,496.0
BAT-004,3.51,1.31,25.7,1103,72.55,454.0
BAT-006,4.05,1.59,37.5,94,95.52,910.0
BAT-008,3.5,2.08,26.1,520,87.97,769.0
BAT-004,3.55,1.6,35.6,83,97.76,946.0
BAT-003,4.19,1.73,22.2,702,81.37,639.0
BAT-009,3.0,0.95,38.2,879,78.02,550.0
BAT-003,3.22,2.19,35.5,270,92.33,841.0
BAT-009,3.46,1.36,42.2,583,83.83,658.0
BAT-002,4.12,0.78,38.9,741,79.91,604.0
BAT-002,3.08,1.83,36.5,981,74.25,487.0
BAT-002,3.01,0.93,40.7,890,77.55,545.0
BAT-006,3.06,0.7,24.3,1060,74.53,481.0
BAT-003,3.11,2.22,37.9,631,83.95,693.0
BAT-009,3.05,1.42,25.2,1189,70.44,408.0
BAT-004,3.58,2.0,47.8,288,91.41,821.0
BAT-001,3.7,1.08,22.1,490,86.92,758.0
BAT-004,3.33,2.07,32.9,197,94.87,891.0
BAT-001,3.48,0.72,40.9,1082,71.21,436.0
BAT-005,3.11,1.21,33.7,437,86.14,711.0
BAT-004,3.4,2.46,22.8,1123,70.34,403.0
BAT-008,3.63,2.09,36.6,965,74.05,486.0
BAT-008,3.88,1.49,39.2,687,81.82,636.0
BAT-007,3.0,1.18,41.1,327,89.55,793.0
BAT-003,3.56,2.24,31.2,1038,72.84,451.0
BAT-001,3.36,1.59,36.9,638,83.62,656.0
BAT-001,4.02,2.02,33.5,698,81.14,638.0
BAT-003,3.86,2.01,40.2,667,83.14,658.0
BAT-006,3.71,0.54,37.5,184,95.31,909.0
BAT-007,3.33,0.75,35.8,629,83.22,671.0
BAT-006,4.09,1.82,27.5,539,87.03,744.0
BAT-006,3.05,0.82,20.1,527,87.44,742.0
BAT-006,3.13,1.01,25.2,433,88.91,790.0
BAT-003,3.47,2.39,23.5,212,95.56,916.0
BAT-006,3.15,1.62,33.5,490,87.91,760.0
BAT-008,4.15,2.0,38.4,464,86.11,724.0
BAT-002,3.96,1.62,26.4,337,91.59,849.0
BAT-005,3.31,1.61,48.2,236,91.93,831.0
BAT-001,3.71,0.69,20.2,179,96.37,932.0
BAT-001,4.18,1.19,43.2,243,91.66,828.0
BAT-005,4.06,1.06,38.8,365,88.9,759.0
BAT-003,3.72,1.28,31.2,193,94.72,875.0
BAT-004,4.08,2.1,21.5,65,99.56,981.0
BAT-003,4.19,1.24,38.8,472,85.62,706.0
BAT-001,3.89,1.4,31.6,294,90.97,841.0
BAT-001,3.08,1.29,48.1,976,72.77,462.0
BAT-005,3.48,0.69,36.3,1180,69.03,389.0
BAT-006,4.01,1.38,48.2,1161,66.89,331.0
BAT-003,3.28,0.89,26.6,178,96.89,938.0
BAT-009,4.0,0.87,41.8,956,74.29,509.0
BAT-005,3.14,0.69,38.5,936,74.97,487.0
BAT-008,3.06,1.21,42.2,390,90.15,808.0
BAT-001,3.46,2.01,26.4,53,99.25,1000.0
BAT-005,3.04,1.05,39.9,355,89.09,792.0
BAT-003,4.15,1.12,34.9,957,75.25,523.0
BAT-001,3.99,1.79,42.3,656,81.83,639.0
BAT-004,3.96,0.89,29.8,1041,74.94,505.0
BAT-005,3.76,2.29,46.7,370,88.41,769.0
BAT-007,3.26,1.54,22.5,608,83.36,672.0
BAT-001,3.62,1.4,44.2,667,79.53,581.0
BAT-003,3.72,1.62,45.8,760,80.39,616.0
BAT-002,3.63,0.83,44.5,1181,67.73,358.0
BAT-009,3.31,1.73,35.4,580,85.13,703.0
BAT-010,3.62,1.23,33.2,459,87.78,773.0
BAT-006,3.59,2.29,49.9,867,75.42,506.0
BAT-010,4.2,0.84,26.9,542,86.0,732.0
BAT-003,4.08,1.51,36.4,61,98.92,991.0
BAT-008,3.56,1.7,40.1,244,90.94,827.0
BAT-008,3.75,0.57,41.0,539,84.54,681.0
BAT-002,3.9,1.23,26.1,844,79.69,597.0
BAT-006,3.04,1.97,39.6,930,74.0,500.0
BAT-007,4.07,2.14,44.6,231,93.59,854.0
BAT-002,4.03,1.13,21.5,1011,75.62,510.0
BAT-010,3.55,2.1,47.3,705,80.41,620.0
BAT-002,3.47,2.44,20.9,743,80.92,617.0
BAT-010,3.33,2.21,30.7,79,96.05,929.0
BAT-001,3.57,0.74,20.5,1169,71.48,444.0
BAT-008,3.05,1.98,22.3,827,82.07,644.0
BAT-001,4.02,1.14,47.3,493,85.59,717.0
BAT-009,3.04,2.48,30.6,347,88.93,780.0
BAT-006,3.39,1.47,32.7,857,78.26,568.0
BAT-007,4.12,0.74,26.5,894,78.36,588.0
BAT-010,3.88,1.95,37.9,1065,71.17,423.0
BAT-007,3.34,1.15,37.8,603,83.0,656.0
BAT-010,3.3,2.49,31.2,352,89.84,807.0
BAT-003,3.01,2.46,30.0,470,87.22,736.0
BAT-002,3.83,1.81,46.5,234,91.82,830.0
BAT-009,3.06,0.76,31.5,517,85.56,705.0
BAT-008,3.64,1.87,34.8,803,77.71,552.0
BAT-010,4.15,0.69,28.5,412,89.52,788.0
BAT-007,3.13,0.56,43.6,385,88.33,774.0
BAT-009,4.07,2.15,31.9,211,93.6,869.0
BAT-004,4.19,0.92,35.4,61,97.52,958.0
BAT-004,3.07,1.26,27.6,1146,69.57,400.0
BAT-001,4.06,2.45,49.6,637,81.88,631.0
BAT-008,3.62,1.17,28.7,250,92.96,868.0
BAT-003,4.09,1.09,43.1,571,84.15,692.0
BAT-007,3.69,2.34,32.8,554,85.77,698.0
BAT-002,3.79,0.72,26.2,837,80.09,605.0
BAT-002,3.65,2.02,44.0,1112,70.4,403.0
BAT-007,4.04,2.48,30.0,109,97.84,970.0
BAT-006,3.88,2.3,46.0,627,81.91,633.0
BAT-003,3.63,1.8,47.5,370,88.23,751.0
BAT-009,4.04,1.13,45.8,972,73.53,470.0
BAT-010,3.29,1.01,21.1,618,85.32,698.0
BAT-006,3.19,2.14,43.6,1151,69.99,408.0
BAT-010,3.19,2.26,32.3,576,85.0,692.0
BAT-010,3.4,1.55,46.2,573,82.33,646.0
BAT-006,3.29,0.99,39.1,662,82.65,668.0
BAT-001,4.12,0.73,45.0,174,92.79,867.0
BAT-004,3.13,0.67,35.0,920,75.09,506.0
BAT-010,3.84,1.94,36.1,329,89.53,789.0
BAT-006,3.23,1.34,24.3,966,75.77,519.0
BAT-006,4.06,2.31,43.5,671,82.58,659.0
BAT-005,4.15,1.98,32.6,895,75.9,508.0
BAT-001,3.56,0.88,35.0,723,82.6,661.0
BAT-008,4.05,1.73,43.6,363,89.98,789.0
BAT-005,3.01,1.37,38.0,381,87.71,760.0
BAT-005,3.98,1.65,26.0,85,97.39,937.0
BAT-007,3.27,1.98,37.7,1095,70.31,426.0
BAT-004,4.09,2.11,32.2,255,93.57,879.0
BAT-006,3.0,2.19,34.1,688,80.9,603.0
BAT-004,3.67,1.01,20.8,897,75.95,519.0
BAT-003,3.91,0.56,26.3,489,87.32,741.0
BAT-007,3.31,1.98,28.4,778,81.38,621.0
BAT-008,3.23,0.71,41.4,1169,68.94,380.0
BAT-004,3.1,1.13,20.3,990,75.65,504.0
BAT-002,3.39,0.51,32.3,213,94.39,895.0
BAT-010,3.67,1.86,47.7,197,91.29,833.0
BAT-003,3.14,0.83,23.4,343,90.53,814.0
BAT-001,3.45,1.81,35.5,244,92.86,857.0
BAT-008,3.01,2.48,43.6,712,79.78,602.0
BAT-003,3.98,0.65,48.3,529,86.15,731.0
BAT-010,3.15,0.65,42.4,172,92.73,859.0
BAT-007,3.34,1.18,41.6,748,78.73,561.0
BAT-010,3.02,2.23,44.8,1014,72.96,451.0
BAT-005,3.52,0.93,33.4,710,80.78,613.0
BAT-010,4.01,1.22,44.2,1177,65.77,301.0
BAT-005,3.47,0.64,20.2,759,82.96,661.0
BAT-007,3.22,2.03,47.7,445,85.53,725.0
BAT-009,3.9,1.32,33.3,961,75.71,527.0
BAT-005,3.95,2.02,36.6,1054,71.24,432.0
BAT-001,3.21,2.31,27.6,366,89.72,802.0
BAT-010,3.93,0.97,42.3,730,78.4,590.0
BAT-010,4.14,2.11,22.3,544,85.66,722.0
BAT-001,3.2,0.62,46.2,605,82.11,652.0
BAT-002,3.93,2.3,44.8,659,81.41,614.0
BAT-006,3.85,1.8,26.5,158,95.53,924.0
BAT-009,3.57,2.25,44.3,421,86.11,726.0
BAT-008,3.07,0.5,43.6,904,75.02,500.0
BAT-005,3.09,0.84,39.0,665,83.43,665.0
BAT-001,4.02,1.28,31.2,817,80.28,600.0
BAT-007,4.19,1.26,28.1,255,93.77,888.0
BAT-005,3.81,0.95,27.0,896,78.07,561.0
BAT-006,3.54,1.26,29.6,92,99.3,981.0
BAT-007,3.78,0.76,47.1,914,75.51,502.0
BAT-003,3.71,1.33,22.3,834,79.79,598.0
BAT-010,3.46,2.1,44.9,525,83.32,663.0
BAT-003,3.08,1.46,30.5,132,95.04,895.0
BAT-005,3.99,0.54,35.6,1183,69.33,373.0
BAT-006,3.45,1.34,43.8,239,91.33,836.0
BAT-009,3.98,0.55,46.5,849,75.62,511.0
BAT-005,3.3,2.43,30.3,985,73.96,468.0
BAT-001,3.0,0.75,33.9,300,90.19,801.0
BAT-004,3.19,1.92,32.4,340,89.97,805.0
BAT-005,3.56,2.45,20.4,375,90.96,820.0
BAT-010,4.13,2.15,28.9,886,79.26,587.0
BAT-010,3.12,1.9,33.8,557,85.99,720.0
BAT-005,4.03,2.18,32.3,780,80.4,595.0
BAT-007,3.63,2.46,41.7,121,93.69,883.0
BAT-004,3.99,1.74,31.5,690,82.21,627.0
BAT-001,3.36,1.62,34.7,989,74.24,489.0
BAT-005,4.01,1.76,32.9,657,83.08,668.0
BAT-007,3.93,1.57,42.2,615,82.54,649.0
BAT-010,3.28,1.77,45.9,103,97.0,943.0
BAT-010,3.16,1.4,36.0,577,84.53,688.0
BAT-006,4.04,0.94,43.7,660,81.78,639.0
BAT-005,4.16,0.74,28.9,242,91.6,842.0
BAT-004,3.04,0.64,36.2,107,96.09,914.0
BAT-002,3.88,1.03,30.4,1184,71.01,427.0
BAT-004,4.09,0.59,32.4,178,95.36,924.0
BAT-010,4.03,1.63,42.0,755,77.27,548.0
BAT-010,4.16,1.07,46.4,901,74.88,493.0
BAT-003,3.91,2.15,23.6,57,100.0,1000.0
BAT-010,3.53,0.65,39.0,78,96.5,931.0
BAT-001,3.37,0.95,37.5,1185,69.45,391.0
BAT-008,3.38,1.96,23.6,996,76.72,537.0
BAT-005,3.87,1.7,26.4,180,95.21,909.0
BAT-004,3.9,0.63,29.3,237,94.43,885.0
BAT-008,3.24,2.25,25.0,758,81.46,631.0
BAT-007,4.04,2.25,27.3,261,93.87,887.0
BAT-002,3.86,1.16,28.0,325,91.95,835.0
BAT-001,3.68,1.18,30.1,1146,70.3,402.0
BAT-004,3.57,2.48,42.5,292,90.5,807.0
BAT-008,3.65,1.75,37.2,1175,68.55,360.0
BAT-002,3.19,1.56,49.6,1036,70.0,393.0
BAT-003,3.24,2.18,32.4,734,82.15,636.0
BAT-001,3.11,1.07,42.6,220,92.75,855.0
BAT-001,3.18,1.36,46.1,702,81.53,639.0
BAT-003,3.54,1.04,40.4,237,94.1,897.0
BAT-005,3.64,2.08,32.4,1159,70.34,407.0
BAT-003,3.02,1.65,42.6,101,94.4,893.0
BAT-001,3.96,1.82,26.1,160,95.69,916.0
BAT-001,3.35,1.0,29.8,926,75.7,493.0
BAT-008,4.09,0.94,36.4,1116,68.98,368.0
BAT-010,4.16,1.48,37.3,260,91.77,843.0
BAT-002,3.22,1.98,20.7,907,77.25,554.0
BAT-003,3.55,1.55,48.4,676,80.12,611.0
BAT-002,3.0,0.57,40.9,1099,70.16,401.0
BAT-003,3.72,2.24,34.9,348,89.04,761.0
BAT-007,3.73,0.63,48.0,1150,69.15,373.0
BAT-001,3.3,2.41,33.2,973,76.73,526.0
BAT-010,3.67,0.55,49.4,186,94.19,890.0
BAT-008,3.27,1.89,35.4,1093,72.29,442.0
BAT-010,3.19,0.66,23.4,489,88.45,786.0
BAT-010,3.78,2.32,42.9,260,91.57,846.0
BAT-010,3.39,1.43,40.4,801,76.63,549.0
BAT-002,3.71,0.78,43.2,484,85.71,705.0
BAT-003,3.52,1.18,48.5,829,75.95,524.0
BAT-009,4.18,0.83,43.3,488,86.13,718.0
BAT-007,3.18,0.84,38.3,715,82.02,644.0
BAT-004,3.56,2.4,45.7,1115,72.03,432.0
BAT-010,3.82,1.39,40.2,460,87.04,753.0
BAT-005,3.47,2.08,32.2,855,76.23,517.0
BAT-002,4.17,1.78,46.6,659,81.43,609.0
BAT-008,3.87,1.85,26.7,476,88.02,781.0
BAT-004,3.79,0.76,41.4,951,75.26,510.0
BAT-009,3.91,0.97,46.4,991,73.06,451.0
BAT-005,4.14,2.07,41.9,791,78.6,570.0
BAT-009,4.09,2.44,40.9,377,88.35,761.0
BAT-004,3.87,1.03,42.6,101,95.41,908.0
BAT-010,3.9,1.04,34.0,425,88.99,788.0
BAT-005,3.18,1.45,46.2,312,88.07,768.0
BAT-009,3.12,2.47,26.1,316,91.67,836.0
BAT-008,3.69,1.04,23.8,408,90.49,810.0
BAT-003,3.02,1.31,28.6,701,83.76,686.0
BAT-001,3.58,2.28,35.9,95,96.13,903.0
BAT-003,3.25,0.51,35.3,649,83.93,671.0
BAT-004,3.42,0.58,44.6,769,80.5,600.0
BAT-002,3.93,1.71,32.1,650,82.65,663.0
BAT-001,4.13,2.31,34.5,430,87.74,747.0
BAT-007,3.09,0.98,20.4,167,95.64,900.0
BAT-008,3.64,1.44,32.3,165,95.06,907.0
BAT-007,4.06,1.4,39.4,309,91.92,829.0
BAT-005,3.1,1.45,20.5,1148,70.53,407.0
BAT-001,3.99,1.75,28.4,354,92.35,871.0
BAT-007,3.43,1.44,26.2,56,97.68,961.0
BAT-007,3.39,1.39,21.3,415,88.36,765.0
BAT-009,4.17,1.45,34.4,572,85.29,705.0
BAT-003,3.24,1.68,25.5,478,89.24,794.0
BAT-009,3.83,1.57,42.3,840,77.45,556.0
BAT-001,3.99,2.21,45.4,796,78.49,571.0
BAT-001,3.05,0.6,36.4,416,90.42,809.0
BAT-004,3.8,2.17,49.5,362,89.75,780.0
BAT-009,4.14,2.19,33.5,587,84.5,673.0
BAT-006,3.15,1.07,35.4,970,74.28,484.0
BAT-003,4.08,1.43,49.7,1127,70.45,403.0
BAT-001,3.71,1.38,26.9,914,77.78,562.0
BAT-004,3.74,0.94,48.3,831,77.32,548.0
BAT-009,3.74,1.29,21.3,383,90.1,794.0
BAT-003,3.36,0.59,33.4,847,77.91,560.0
BAT-009,4.12,1.06,22.1,397,89.93,794.0
BAT-007,4.14,2.13,41.9,322,89.95,820.0
BAT-004,3.75,1.07,38.3,1012,72.77,459.0
BAT-003,3.94,2.14,41.2,769,79.42,573.0
BAT-010,3.73,1.56,31.2,549,85.01,718.0
BAT-005,3.58,2.26,31.1,1166,70.42,402.0
BAT-005,3.79,1.65,21.4,734,79.55,581.0
BAT-003,3.66,0.56,30.5,128,95.65,934.0
BAT-009,3.72,1.85,47.9,671,82.04,644.0
BAT-004,3.94,0.59,31.4,996,73.56,478.0
BAT-005,3.58,1.4,44.9,407,88.42,776.0
BAT-004,3.05,2.36,45.3,667,80.48,608.0
BAT-005,3.2,0.83,31.2,556,86.26,719.0
BAT-007,3.53,1.28,39.0,625,82.68,650.0
BAT-009,3.87,1.96,22.9,293,92.34,863.0
BAT-007,3.71,2.26,23.1,555,86.18,726.0
BAT-005,3.78,1.84,21.5,471,86.88,751.0
BAT-010,3.58,1.02,37.4,1160,70.73,414.0
BAT-010,3.74,1.85,32.8,266,93.88,870.0
BAT-007,3.39,1.09,36.4,1058,72.05,426.0
BAT-010,3.56,1.94,35.6,379,89.99,806.0
BAT-005,3.89,2.41,30.5,699,82.75,672.0
BAT-003,4.05,1.94,40.3,440,87.38,739.0
BAT-007,3.52,2.23,42.8,430,86.37,732.0
BAT-002,3.05,0.5,20.4,791,81.82,623.0
BAT-009,3.19,1.94,26.2,869,77.76,550.0
BAT-010,3.03,2.16,41.4,722,79.7,597.0
BAT-010,3.78,0.58,31.6,562,86.93,721.0
BAT-001,3.4,2.24,39.9,998,74.17,483.0
BAT-006,3.65,1.01,30.4,979,75.24,496.0
BAT-007,3.59,1.83,31.7,962,74.31,492.0
BAT-008,3.1,2.1,24.8,693,83.48,668.0
BAT-010,3.48,1.83,27.7,476,90.72,824.0
BAT-009,3.26,0.68,38.2,551,85.79,713.0
BAT-002,3.5,1.69,33.0,779,80.22,591.0
BAT-010,3.24,1.6,43.2,120,95.9,903.0
BAT-002,4.01,2.3,45.6,527,84.44,670.0
BAT-005,3.21,1.31,36.2,506,85.89,724.0
BAT-005,4.15,1.14,42.7,238,91.92,864.0
BAT-006,3.5,2.0,29.2,340,90.5,814.0
BAT-003,4.02,1.33,32.4,969,74.68,510.0
BAT-008,3.75,1.79,41.4,341,89.48,801.0
BAT-001,3.88,1.79,31.6,805,78.97,574.0
BAT-006,3.92,2.28,37.7,426,87.81,769.0
BAT-004,3.61,1.7,25.6,557,86.26,720.0
BAT-001,3.65,1.5,38.0,577,84.35,683.0
BAT-007,3.62,0.78,45.8,608,82.88,656.0
BAT-009,3.71,0.73,46.1,1104,71.82,435.0
BAT-004,3.04,0.81,41.7,309,90.68,820.0
BAT-004,3.47,0.84,42.4,470,88.72,768.0
BAT-006,3.73,1.78,36.7,353,90.35,816.0
BAT-003,3.72,1.98,37.5,991,73.52,479.0
BAT-006,3.95,1.56,24.0,1112,73.55,474.0
BAT-007,3.79,2.16,33.3,591,84.31,706.0
BAT-010,4.19,2.48,33.5,1139,68.28,378.0
BAT-010,3.34,2.14,48.8,157,93.7,885.0
BAT-003,3.43,1.89,32.9,317,91.03,821.0
BAT-007,3.46,1.56,36.5,271,93.68,877.0
BAT-003,3.56,1.4,36.0,1163,68.93,384.0
BAT-002,4.0,0.67,39.1,742,79.71,594.0
BAT-010,3.28,1.3,42.4,304,91.92,835.0
BAT-004,3.93,2.32,26.8,302,92.67,829.0
BAT-008,3.49,2.12,35.9,306,91.09,829.0
BAT-009,3.72,0.93,44.8,432,86.47,740.0
BAT-007,3.76,1.43,33.9,491,87.19,732.0
BAT-001,3.45,2.13,28.4,648,83.44,675.0
BAT-003,3.62,0.63,39.6,1163,68.69,368.0
BAT-009,3.5,1.27,44.7,439,86.34,723.0
BAT-001,3.08,2.2,21.9,631,83.41,681.0
BAT-009,3.52,1.31,43.3,1117,69.25,375.0
BAT-008,3.12,0.66,44.6,647,82.79,646.0
BAT-001,3.49,1.59,33.8,68,98.21,982.0
BAT-006,3.71,2.22,49.5,1174,69.14,381.0
BAT-005,3.7,1.68,43.6,656,81.74,647.0
BAT-006,3.8,0.95,43.2,82,95.89,902.0
BAT-010,3.11,1.27,42.4,911,75.26,490.0
BAT-005,3.78,1.4,24.5,204,95.92,909.0
BAT-006,3.37,1.66,26.5,954,74.18,479.0
BAT-005,3.48,2.02,33.9,454,87.24,731.0
BAT-005,4.03,0.7,27.9,893,76.5,534.0
BAT-004,3.01,2.28,32.5,796,80.71,619.0
BAT-003,3.71,0.52,46.7,1190,67.61,343.0
BAT-003,3.72,1.24,44.7,320,88.39,760.0
BAT-004,3.48,0.55,38.9,819,78.36,560.0
BAT-009,3.28,1.29,45.7,221,92.03,829.0
BAT-002,3.28,1.55,43.5,323,89.52,761.0
BAT-009,4.06,1.52,32.9,308,90.85,816.0
BAT-001,3.53,0.83,26.0,471,87.42,744.0
BAT-001,3.4,1.79,35.4,413,89.34,784.0
BAT-005,3.54,0.59,42.1,427,87.84,747.0
BAT-006,3.8,2.02,33.1,629,83.27,673.0
BAT-006,3.17,2.39,40.0,940,73.9,502.0
BAT-003,3.54,1.18,22.8,771,80.56,603.0
BAT-007,3.71,1.53,42.4,930,75.27,519.0
BAT-009,4.14,1.26,44.4,1171,69.09,385.0
BAT-010,3.3,0.51,41.2,654,82.19,644.0
BAT-008,3.43,1.27,49.0,71,94.9,895.0
BAT-006,3.46,2.08,44.8,432,84.82,696.0
BAT-008,3.73,1.69,47.1,183,95.02,912.0
BAT-005,3.43,0.7,48.0,1098,68.94,367.0
BAT-008,3.64,2.19,44.0,552,82.33,644.0
BAT-010,3.94,1.56,40.2,1158,69.66,406.0
BAT-004,3.85,2.18,20.2,193,93.47,879.0
BAT-010,3.54,1.66,34.0,273,91.47,818.0
BAT-008,4.04,1.62,37.1,269,92.61,850.0
BAT-010,3.67,0.71,29.1,228,95.66,920.0
BAT-002,3.65,0.83,29.5,482,87.88,764.0
BAT-005,3.04,2.44,48.8,314,89.33,796.0
BAT-009,4.18,0.96,46.8,1003,72.7,458.0
BAT-004,3.15,2.45,45.5,478,84.19,689.0
BAT-006,3.28,1.56,32.2,465,87.21,748.0
BAT-001,3.06,0.77,20.4,776,80.15,619.0
BAT-009,3.77,0.7,22.4,246,94.0,876.0
BAT-001,3.27,0.92,29.4,1126,73.36,468.0
BAT-005,3.22,2.35,20.5,529,84.84,687.0
BAT-004,3.11,1.33,20.5,939,76.12,510.0
BAT-003,3.12,1.29,47.5,974,71.57,435.0
BAT-006,3.7,1.13,41.2,172,93.58,864.0
BAT-002,3.83,0.79,29.3,827,78.03,560.0
BAT-003,3.48,1.48,24.0,397,88.58,788.0
BAT-005,3.58,0.76,35.3,78,97.93,974.0
BAT-009,3.82,2.17,20.2,1024,74.66,515.0
BAT-002,3.02,1.24,48.2,84,96.38,944.0
BAT-010,3.39,1.25,32.4,672,81.92,663.0
BAT-008,4.17,1.45,32.1,638,83.27,670.0
BAT-002,3.7,1.39,31.7,1140,72.42,439.0
BAT-005,3.31,2.49,22.1,953,76.17,513.0
BAT-007,3.63,1.59,39.1,569,85.17,717.0
BAT-008,3.41,0.68,42.0,171,93.41,869.0
BAT-001,3.64,1.71,40.3,389,89.46,791.0
BAT-006,3.15,0.8,24.2,224,93.85,872.0
BAT-001,3.16,0.56,37.4,646,80.72,610.0
BAT-002,3.17,2.44,37.1,500,86.28,730.0
BAT-001,4.13,2.05,46.1,606,82.27,635.0
BAT-005,3.88,2.46,31.4,1089,70.51,413.0
BAT-010,3.19,1.46,31.1,58,98.13,978.0
BAT-009,3.23,1.56,38.6,383,88.18,742.0
BAT-006,3.88,0.84,39.0,1066,75.04,485.0
BAT-001,3.19,0.99,34.1,376,88.23,771.0
BAT-001,3.28,2.18,33.3,64,96.36,941.0
BAT-002,4.16,1.21,34.8,888,77.69,549.0
BAT-009,3.31,2.15,45.8,275,90.91,798.0
BAT-003,3.79,1.92,33.8,162,95.92,933.0
BAT-001,4.17,0.85,48.2,50,96.81,928.0
BAT-005,3.45,1.51,35.1,315,90.53,807.0
BAT-007,3.02,1.85,48.5,1001,71.25,428.0
BAT-006,3.29,0.97,45.0,355,90.2,797.0
BAT-001,4.0,2.16,30.9,61,96.6,923.0
BAT-005,4.04,1.59,45.9,986,73.82,468.0
BAT-005,3.92,0.83,23.3,469,89.19,802.0
BAT-006,3.14,1.67,47.8,938,74.15,495.0
BAT-003,3.95,2.5,38.9,220,92.8,862.0
BAT-005,4.1,0.8,21.6,183,94.44,867.0
BAT-007,3.72,2.13,39.3,1014,73.68,479.0
BAT-005,4.13,0.91,49.2,1098,67.08,347.0
BAT-005,3.99,2.06,22.1,707,83.04,648.0
BAT-005,3.8,1.97,36.6,1165,69.83,399.0
BAT-010,3.69,1.1,42.4,228,92.33,857.0
BAT-010,3.42,1.15,44.3,1129,70.09,407.0
BAT-003,3.19,2.09,32.4,160,93.88,871.0
BAT-001,3.73,1.42,26.1,186,92.82,857.0
BAT-005,3.38,1.96,21.3,281,93.44,876.0
BAT-009,4.04,0.8,37.4,1041,74.05,482.0
BAT-001,4.19,2.21,33.6,517,84.48,702.0
BAT-003,3.9,1.92,48.5,781,77.08,545.0
BAT-004,3.11,2.31,21.8,530,87.5,758.0
BAT-001,3.35,0.76,40.6,1141,70.28,414.0
BAT-001,3.13,1.69,20.7,863,81.39,617.0
BAT-008,3.78,1.7,25.1,1043,74.99,500.0
BAT-002,3.92,1.21,33.6,372,90.67,810.0
BAT-008,4.11,1.42,33.6,971,74.1,492.0
BAT-007,3.53,0.58,40.6,953,75.14,507.0
BAT-010,4.08,1.99,47.3,655,82.89,656.0
BAT-010,4.05,1.6,39.2,478,86.47,717.0
BAT-002,3.38,0.62,48.6,197,92.6,836.0
BAT-006,4.04,1.86,46.4,1191,68.22,368.0
BAT-006,3.45,1.43,37.5,899,75.61,505.0
BAT-003,3.36,0.57,45.0,416,87.87,764.0
BAT-002,3.78,2.44,39.3,899,76.34,510.0
BAT-001,3.39,2.4,22.4,1139,73.0,476.0
BAT-006,3.76,1.53,42.2,862,76.54,537.0
BAT-005,3.73,0.69,22.8,224,95.07,902.0
BAT-009,3.68,2.01,37.8,637,82.63,669.0
BAT-001,3.46,1.48,41.1,544,85.43,718.0
BAT-007,3.66,1.1,22.0,1022,74.2,479.0
BAT-005,3.72,1.48,26.9,1187,70.71,415.0
BAT-005,3.65,1.54,47.5,1184,68.88,358.0
BAT-002,3.53,1.63,38.5,84,95.48,920.0
BAT-003,3.02,1.38,27.4,1048,74.66,490.0
BAT-007,3.7,1.71,40.7,587,83.59,652.0
BAT-006,3.2,2.34,37.9,799,78.26,553.0
BAT-002,3.77,1.22,35.0,1087,71.11,431.0
BAT-006,3.91,1.95,49.3,423,87.29,762.0
BAT-002,3.6,2.29,40.5,606,83.3,666.0
BAT-002,3.65,1.41,31.3,282,92.69,844.0
BAT-002,4.14,1.39,44.0,754,79.64,579.0
BAT-003,4.02,1.7,46.5,612,83.15,677.0
BAT-002,4.1,1.68,23.8,988,78.08,566.0
BAT-004,3.98,2.11,26.0,936,76.54,527.0
BAT-009,3.13,1.45,26.5,775,79.74,589.0
BAT-006,3.18,2.49,40.7,125,93.28,872.0
BAT-001,3.63,0.62,38.1,488,85.3,712.0
BAT-008,3.3,0.51,38.6,748,81.18,615.0
BAT-007,3.57,1.78,48.2,964,74.3,475.0
BAT-010,3.47,1.1,43.3,940,73.32,456.0
BAT-003,3.66,0.98,23.8,741,83.94,674.0
BAT-001,3.9,1.12,30.4,302,92.23,838.0
BAT-005,3.86,1.01,33.1,1199,69.68,410.0
BAT-004,3.63,0.56,31.9,1110,73.81,471.0
BAT-010,3.99,2.44,40.1,459,88.76,763.0
BAT-008,3.52,0.94,46.8,176,94.21,872.0
BAT-001,4.08,1.97,29.2,641,84.39,686.0
BAT-010,3.09,2.03,36.6,343,91.19,806.0
BAT-001,4.15,2.36,43.7,1069,71.17,423.0
BAT-004,3.79,0.56,32.5,359,90.56,798.0
BAT-008,3.46,2.24,25.0,711,82.79,667.0
BAT-005,3.24,1.55,34.2,577,84.52,692.0
BAT-002,3.58,1.77,21.7,589,84.31,707.0
BAT-006,3.23,1.79,48.3,468,85.71,712.0
BAT-005,3.2,2.14,22.2,493,86.69,702.0
BAT-002,3.74,1.17,33.2,734,80.9,633.0
BAT-003,3.63,1.97,35.9,889,74.9,503.0
BAT-009,3.8,1.56,49.6,285,90.76,822.0
BAT-007,4.12,2.09,25.0,263,91.79,826.0
BAT-007,3.64,2.48,23.4,134,96.25,925.0
BAT-006,3.7,0.9,20.3,843,79.43,590.0
BAT-008,3.11,2.49,24.7,134,97.44,946.0
BAT-004,3.86,0.68,26.2,114,97.7,937.0
BAT-008,3.48,0.5,38.9,712,81.13,650.0
BAT-004,4.17,0.59,26.6,676,81.82,645.0
BAT-008,3.99,1.18,20.6,113,98.16,967.0
BAT-009,3.63,1.77,44.8,988,72.22,458.0
BAT-003,3.15,0.64,31.0,968,76.3,532.0
BAT-003,4.03,0.51,30.6,540,86.57,725.0
BAT-002,3.96,2.37,29.1,362,91.9,851.0
BAT-010,3.22,2.14,49.3,664,81.0,628.0
BAT-003,3.35,2.12,25.1,968,74.97,493.0
BAT-003,3.95,2.27,46.9,862,74.96,507.0
BAT-005,3.22,1.9,43.3,989,72.26,443.0
BAT-005,4.1,0.71,22.3,1161,69.34,389.0
BAT-002,3.51,1.3,49.6,729,80.26,611.0
BAT-010,3.1,1.95,28.1,484,88.65,787.0
BAT-006,3.98,1.06,23.0,731,82.28,639.0
BAT-005,3.45,1.87,44.9,1123,69.9,402.0
BAT-006,3.63,0.55,41.2,389,90.72,834.0
BAT-001,3.13,1.11,38.5,396,88.65,771.0
BAT-005,3.0,1.6,24.7,695,82.85,659.0
BAT-009,3.77,1.76,34.4,698,81.57,651.0
BAT-010,3.62,1.65,43.4,294,90.47,816.0
BAT-002,3.71,1.9,29.1,158,96.27,911.0
BAT-001,3.95,0.51,29.4,582,84.38,680.0
BAT-010,3.78,0.7,20.1,1163,70.22,411.0
BAT-009,3.21,2.24,25.2,345,92.03,845.0
BAT-010,3.43,1.86,46.3,161,93.35,869.0
BAT-009,4.09,0.73,33.3,392,89.51,812.0
BAT-009,3.92,2.18,49.5,150,93.46,863.0
BAT-006,3.67,0.98,31.9,678,82.35,646.0
BAT-008,3.31,1.46,41.5,77,95.76,895.0
BAT-001,3.36,0.79,28.5,986,74.36,499.0
BAT-010,3.88,1.92,30.9,107,95.91,910.0
BAT-004,4.02,1.83,25.7,346,92.12,853.0
BAT-001,3.81,0.92,30.4,183,95.06,911.0
BAT-008,3.97,2.23,36.4,298,92.33,870.0
BAT-001,3.92,1.3,49.8,1070,71.8,442.0
BAT-003,3.18,1.09,39.9,599,83.07,658.0
BAT-004,3.51,0.8,26.0,951,77.01,545.0
BAT-008,3.18,1.03,21.3,1148,71.29,418.0
BAT-006,3.28,0.54,23.8,883,77.77,559.0
BAT-010,4.04,1.67,36.9,820,79.56,589.0
BAT-007,3.57,2.18,43.0,195,93.88,877.0
BAT-008,3.64,1.6,48.2,942,73.78,467.0
BAT-002,3.21,0.94,20.5,393,90.66,816.0
BAT-010,3.37,0.57,35.7,1108,69.97,408.0
BAT-008,3.28,0.93,34.1,751,80.56,595.0
BAT-003,3.25,1.33,39.7,50,95.78,909.0
BAT-007,3.77,2.02,36.8,202,92.79,857.0
BAT-003,3.31,0.88,40.6,478,87.07,718.0
BAT-007,3.76,1.94,39.7,557,81.93,656.0
BAT-002,3.07,2.23,23.5,1199,71.83,429.0
BAT-010,3.17,1.41,44.0,540,85.44,699.0
BAT-006,3.33,2.14,23.7,394,88.31,764.0
BAT-003,3.72,1.61,41.0,270,94.05,882.0
BAT-003,3.81,1.77,32.5,772,82.63,645.0
BAT-009,3.53,1.55,35.4,1098,71.33,436.0
BAT-007,3.53,1.43,47.1,577,82.44,653.0
BAT-005,3.87,0.97,46.7,890,77.27,537.0
BAT-010,3.02,1.11,44.5,1115,69.83,391.0
BAT-007,3.41,1.08,35.3,530,85.88,702.0
BAT-009,3.98,1.63,42.1,979,75.03,488.0
BAT-001,3.72,0.74,35.4,921,75.78,520.0
BAT-007,3.4,2.33,46.1,394,87.8,748.0
BAT-006,4.09,1.94,32.1,94,95.67,931.0
BAT-010,3.93,1.3,49.1,70,95.21,905.0
BAT-009,3.32,0.82,48.0,1143,68.87,364.0
BAT-001,3.77,2.26,42.2,922,73.99,468.0
BAT-004,3.71,2.15,28.4,97,96.09,932.0
BAT-009,3.48,1.94,23.9,600,85.03,700.0
BAT-004,3.44,1.04,45.6,336,87.69,764.0
BAT-010,3.41,1.3,25.0,1051,72.85,453.0
BAT-003,3.74,0.71,45.6,1083,72.81,451.0
BAT-009,3.53,0.88,34.7,591,83.91,689.0
BAT-002,4.0,2.07,32.2,805,78.68,565.0
BAT-004,3.8,1.93,47.1,323,89.37,792.0
BAT-006,3.08,1.69,38.1,1005,73.23,462.0
BAT-002,3.77,2.29,37.3,649,83.12,671.0
BAT-008,3.33,1.67,36.8,430,88.58,790.0
BAT-008,3.71,1.43,31.1,528,85.8,712.0
BAT-001,3.82,1.18,43.6,64,96.33,921.0
BAT-003,3.28,2.38,27.6,565,86.93,745.0
BAT-010,3.55,0.67,48.2,240,90.17,793.0
BAT-009,3.23,2.36,46.8,670,81.01,636.0
BAT-005,3.06,2.15,30.1,203,94.55,905.0
BAT-006,3.45,0.76,41.9,321,89.51,780.0
BAT-004,3.44,1.63,37.2,192,93.87,861.0
BAT-010,4.19,2.23,30.1,1142,70.03,389.0
BAT-002,3.54,1.64,49.7,296,90.77,804.0
BAT-008,3.4,2.31,20.8,837,77.74,563.0
BAT-006,3.7,2.39,27.6,128,97.6,968.0
BAT-005,3.11,1.34,35.6,672,82.07,649.0
BAT-009,4.15,1.25,35.7,574,84.14,680.0
BAT-001,3.76,2.37,37.7,821,77.2,547.0
BAT-005,3.91,1.85,42.6,987,74.6,483.0
BAT-006,3.2,0.73,38.7,1168,68.78,387.0
BAT-005,3.49,0.58,38.0,666,80.88,622.0
BAT-006,3.51,1.63,21.6,1081,74.03,488.0
BAT-006,3.99,2.36,31.3,116,95.57,904.0
BAT-007,3.0,2.19,27.0,240,93.71,873.0
BAT-004,3.36,1.85,28.0,817,80.1,609.0
BAT-008,4.18,0.78,36.6,570,84.74,709.0
BAT-007,3.57,1.01,26.0,1039,75.66,507.0
BAT-009,3.46,2.25,28.8,1190,69.03,388.0
BAT-007,3.14,0.87,27.1,316,91.68,826.0
BAT-003,4.17,1.06,48.5,534,84.17,705.0
BAT-003,3.02,0.76,48.3,425,87.66,749.0
BAT-008,3.88,1.85,38.3,702,82.41,655.0
BAT-005,3.92,2.39,47.7,598,82.85,659.0
BAT-004,3.29,1.04,43.6,1147,69.33,413.0
BAT-008,3.81,1.45,37.7,122,94.2,886.0
BAT-006,3.11,1.77,20.2,357,91.19,819.0
BAT-002,3.31,2.5,43.2,248,91.33,833.0
BAT-004,3.95,0.71,41.1,621,83.49,676.0
BAT-004,4.04,1.5,38.5,840,77.24,543.0
BAT-006,3.73,1.27,42.8,228,92.28,835.0
BAT-006,3.61,2.23,35.4,246,91.35,822.0
BAT-001,3.19,1.45,41.1,784,76.98,548.0
BAT-008,3.08,0.72,48.1,138,96.11,905.0
BAT-006,3.14,1.77,31.3,848,78.3,564.0
BAT-003,3.27,2.04,41.2,837,77.85,567.0
BAT-009,3.41,0.51,34.3,797,78.24,564.0
BAT-002,3.46,2.22,40.2,258,92.9,880.0
BAT-008,3.42,0.87,42.9,542,85.36,690.0
BAT-010,3.29,1.6,21.4,714,81.35,617.0
BAT-003,3.61,1.33,39.4,1086,70.35,384.0
BAT-005,3.99,1.94,26.8,920,76.09,542.0
BAT-006,3.34,1.24,40.1,781,78.94,569.0
BAT-010,4.13,2.24,34.0,1179,69.79,376.0
BAT-006,4.05,1.96,43.2,747,79.54,585.0
BAT-004,3.19,1.8,23.7,1172,72.0,426.0
BAT-003,3.94,2.09,38.8,643,81.83,631.0
BAT-004,3.69,2.01,28.4,935,75.2,504.0
BAT-001,3.68,0.57,45.6,901,75.42,516.0
BAT-004,3.47,1.29,47.9,374,86.67,732.0
BAT-001,3.6,2.36,49.9,1028,72.51,450.0
BAT-001,3.48,0.75,43.9,1005,73.08,456.0
BAT-010,3.65,1.97,42.6,943,74.33,471.0
BAT-006,3.75,2.45,26.5,193,94.63,874.0
BAT-005,3.81,0.6,30.1,433,89.58,788.0
BAT-004,3.64,1.86,34.0,265,93.36,868.0
BAT-003,3.87,1.44,43.2,373,88.61,768.0
BAT-001,3.17,1.66,47.4,1088,71.15,405.0
BAT-006,3.25,0.67,25.7,266,94.15,885.0
BAT-002,3.98,0.59,47.7,1000,73.07,478.0
BAT-008,3.39,1.83,40.9,232,92.41,847.0
BAT-010,3.03,2.15,38.3,319,91.07,816.0
BAT-005,3.18,2.06,26.0,994,74.01,480.0
BAT-007,3.27,1.59,21.7,919,77.1,531.0
BAT-010,4.15,0.7,37.1,516,85.66,702.0
BAT-002,3.69,1.88,39.5,354,89.31,791.0
BAT-008,4.12,0.98,26.3,160,94.14,893.0
BAT-002,3.69,2.32,36.7,1063,71.23,423.0
BAT-004,3.58,2.18,45.7,281,90.42,789.0
BAT-001,3.38,1.92,45.1,644,82.79,659.0
BAT-005,3.73,2.4,47.8,222,92.45,870.0
BAT-009,3.17,0.56,31.0,1022,74.79,493.0
BAT-001,4.08,1.97,29.5,1080,73.79,474.0
BAT-009,4.0,1.16,42.5,595,83.71,665.0
BAT-008,3.38,2.31,32.9,597,84.42,693.0
BAT-006,4.14,1.03,22.6,567,84.85,690.0
BAT-007,3.99,1.95,28.5,963,77.56,561.0
BAT-003,3.8,2.26,32.6,264,91.23,818.0
BAT-001,3.15,0.58,28.8,183,95.17,907.0
BAT-005,3.57,1.3,30.0,334,91.99,839.0
BAT-002,3.61,2.02,28.8,1199,70.49,425.0
BAT-005,3.28,1.41,21.2,735,80.47,613.0
BAT-008,3.1,1.03,39.1,380,88.67,787.0
BAT-009,3.93,0.94,37.9,1188,68.21,365.0
BAT-002,3.15,0.76,39.6,943,72.98,458.0
BAT-003,3.71,2.21,25.8,948,76.35,527.0
BAT-003,4.12,1.65,28.9,1148,70.2,396.0
BAT-001,4.05,0.65,38.6,127,96.97,945.0
BAT-008,3.33,1.27,38.0,996,74.42,481.0
BAT-006,4.02,1.24,35.2,737,80.6,613.0
BAT-008,3.0,0.86,30.5,70,97.23,953.0
BAT-009,3.02,1.37,47.4,615,82.5,666.0
BAT-005,3.72,1.16,30.2,876,77.32,548.0
BAT-003,3.44,1.18,33.7,228,93.5,879.0
BAT-005,3.46,1.98,40.3,1185,70.74,422.0
BAT-005,3.68,0.95,36.3,1132,69.51,386.0
BAT-005,3.23,1.78,30.4,954,75.44,530.0
BAT-003,3.25,1.64,33.1,718,81.95,633.0
BAT-010,3.58,1.64,43.8,240,91.72,835.0
BAT-004,3.91,1.83,28.3,757,82.32,661.0
BAT-009,3.74,1.6,24.3,1108,72.98,474.0
BAT-010,3.36,2.26,29.4,428,88.14,763.0
BAT-009,3.52,1.85,45.5,436,87.26,755.0
BAT-002,3.2,1.59,22.7,286,92.15,841.0
BAT-008,3.09,2.16,49.8,665,80.1,597.0
BAT-008,3.94,1.71,36.2,332,90.44,797.0
BAT-007,3.32,1.08,49.5,50,97.56,958.0
BAT-008,3.21,0.91,48.2,513,85.6,720.0
BAT-003,3.83,0.8,33.6,1016,73.72,469.0
BAT-006,3.74,2.3,26.0,221,95.16,906.0
BAT-001,3.76,1.92,24.9,1160,71.27,452.0
BAT-007,3.27,2.37,27.2,1196,68.71,386.0
BAT-001,3.28,1.71,41.3,892,75.92,509.0
BAT-009,3.26,1.45,28.2,739,81.13,633.0
BAT-001,3.21,0.62,30.2,624,84.64,684.0
BAT-001,3.79,1.84,33.5,214,93.24,836.0
BAT-007,4.02,1.66,47.4,432,86.05,721.0
BAT-002,3.87,2.48,25.7,258,93.44,884.0
BAT-005,3.95,0.98,20.2,273,92.53,865.0
BAT-008,3.49,1.56,21.8,52,98.38,971.0
BAT-008,3.78,1.8,47.1,421,87.18,738.0
BAT-003,3.43,1.79,39.4,660,81.67,638.0
BAT-007,3.63,1.62,28.2,165,96.52,928.0
BAT-003,3.58,2.05,25.3,496,88.98,775.0
BAT-006,3.21,0.91,28.8,464,88.88,788.0
BAT-006,3.46,1.95,23.4,1168,69.03,375.0
BAT-003,4.16,1.74,48.2,941,73.51,481.0
BAT-007,3.3,2.29,43.5,1097,70.54,405.0
BAT-003,3.16,2.19,33.9,712,79.47,610.0
BAT-008,3.5,1.13,45.9,1123,68.95,363.0
BAT-010,3.95,1.05,27.5,767,80.39,598.0
BAT-004,3.7,2.46,41.5,1152,69.1,380.0
BAT-001,3.82,1.55,45.7,1100,70.44,389.0
BAT-004,3.23,2.31,30.7,320,90.05,775.0
BAT-007,3.74,0.83,42.7,611,82.49,630.0
BAT-004,3.39,1.79,28.9,853,78.44,566.0
BAT-006,4.0,2.12,29.0,296,92.21,842.0
BAT-009,3.76,2.39,23.2,436,89.55,794.0
BAT-001,3.24,1.17,33.2,751,80.79,614.0
BAT-005,3.08,1.95,41.9,608,82.7,657.0
BAT-007,3.05,1.58,48.2,1022,72.25,440.0
BAT-001,3.45,0.62,38.1,1033,72.06,448.0
BAT-004,3.32,1.88,45.9,401,87.62,758.0
BAT-006,3.78,1.88,44.7,802,76.93,535.0
BAT-002,3.6,2.36,25.2,830,80.3,611.0
BAT-010,3.32,1.49,34.6,1074,71.92,436.0
BAT-005,3.18,0.96,23.5,595,86.19,709.0
BAT-010,3.15,0.59,40.5,128,95.57,920.0
BAT-001,4.04,1.33,48.5,383,87.19,735.0
BAT-006,3.29,1.1,24.1,938,76.8,545.0
BAT-006,3.78,2.02,42.0,1171,69.83,400.0
BAT-004,3.97,1.21,39.0,1155,69.65,392.0
BAT-008,3.74,2.4,37.5,551,85.05,682.0
BAT-004,4.03,2.42,31.7,814,78.43,584.0
BAT-008,3.47,1.74,30.7,970,75.21,501.0
BAT-008,4.15,2.36,21.4,599,85.26,712.0
BAT-005,3.16,2.02,26.5,63,97.69,953.0
BAT-004,3.12,1.59,20.5,441,87.9,755.0
BAT-002,3.79,0.86,37.4,359,91.07,823.0
BAT-003,4.13,1.42,23.2,435,89.73,795.0
BAT-003,3.97,1.62,46.2,1023,71.76,432.0
BAT-004,3.09,2.23,35.7,1167,69.98,399.0
BAT-004,3.34,1.46,41.0,1166,67.77,360.0
BAT-010,4.12,2.3,32.3,389,87.57,756.0
BAT-005,3.3,1.85,36.8,646,83.75,675.0
BAT-004,3.94,0.77,48.3,806,77.75,561.0
BAT-010,3.99,2.49,22.5,1095,72.58,447.0
BAT-008,3.59,1.55,27.6,340,91.47,852.0
BAT-006,3.46,1.28,43.4,355,92.51,865.0
BAT-006,3.54,1.82,23.0,683,83.79,684.0
BAT-008,3.27,0.72,22.3,674,82.1,623.0
BAT-007,4.07,1.77,30.8,988,73.03,467.0
BAT-010,3.54,1.5,22.8,897,78.63,569.0
BAT-010,4.06,1.31,37.6,491,87.33,737.0
BAT-008,3.13,2.41,26.8,552,86.6,728.0
BAT-002,4.19,1.55,46.9,179,92.53,842.0
BAT-009,3.53,0.94,43.5,646,82.36,652.0
